"bookingid","customerid","customername","bookingtype","bookingdate","status","classtype","instructor","timeslot","duration","price","facility","theme","servicename","servicetype","customeremail","customerphone"
"6272b4e7-a508-4ed7-bae0-21f7293287a8","eb297435-93d1-4e65-8dd4-6450922305cb","Customer 5","Class","2025-04-13","Pending","Art",NULL,"15:00:00",120,"161.14",NULL,NULL,"Art","Class","customer5@example.com","001-718-3794"
"fb5092f9-f7ac-4144-b477-0650c88134a4","22addcce-0a6c-4be1-b7ec-11320beb6739","Customer 12","Class","2025-04-20","Pending","Dance",NULL,"13:00:00",45,"186.42",NULL,NULL,"Dance","Class","customer12@example.com","001-573-4385"
"74b8102e-eef6-4774-a134-5a3d0d012c3d","6a0d66d3-24b1-4eb5-8f6f-b9893eb57701","Customer 14","Class","2025-06-04","Pending","Art","Amanda Davis","16:00:00",120,"83.48",NULL,NULL,"Art","Class","customer14@example.com","001-189-3447"
"e8e2f341-6a4f-43b5-aee5-0b35878474cd","489a4949-b903-4f4f-8bdb-17a0a7553d35","Customer 16","Class","2025-05-10","Confirmed","Art","Amanda Davis","10:00:00",90,"30.53",NULL,NULL,"Art","Class","customer16@example.com","001-705-1308"
"75c5e04f-5c54-4d1c-8913-e72008497171","cd524b61-1e48-45bc-99e9-72afe3290acf","Customer 19","Class","2025-05-29","Confirmed","Dance","Amanda Davis",NULL,NULL,"173.37",NULL,NULL,"Dance","Class","customer19@example.com","001-906-9695"
"90662fb0-58f0-41ed-b6cf-cedaea6bc8a1","9b2e9482-8e0d-40db-bc83-2da11216509c","Customer 22","Class","2025-05-20","Confirmed","Dance","Lisa Hensley","11:00:00",45,"162.42",NULL,NULL,"Dance","Class","customer22@example.com","001-182-1792"
"b15b65c4-2016-41ce-be0a-56b41ebaaf28","4934ba20-a4ef-4e8e-8a05-e4171467bea3","Customer 23","Class","2025-03-30","Pending","Art","James Howard","12:00:00",120,"116",NULL,NULL,"Art","Class","customer23@example.com","001-645-5445"
"9640d87f-9fcd-4c2b-b099-7f9f4b037ac8","9d8da602-394d-4e44-9022-304efb4774fd","Customer 26","Class","2025-05-19","Pending","Dance","James Howard","09:00:00",120,"74.15",NULL,NULL,"Dance","Birthday Party","customer26@example.com",NULL
"4fe3fc55-bb91-44dc-aef3-11a55c2dce53","a109b309-eee6-4bf1-b314-487febc058ea","Customer 28","Class","2025-04-26","Pending","Dance","Amanda Davis","13:00:00",120,"298.54",NULL,NULL,"Dance","Class","customer28@example.com","001-720-8174"
"f822f117-2c8c-4256-8aee-63b58117e355","80bd830d-ef9a-4627-8229-c5a313adef20","Customer 29","Class","2025-04-24","Pending","Art","James Howard","16:00:00",45,"276.61",NULL,NULL,"Art","Class","customer29@example.com","001-690-9240"
"35fd1c3d-08eb-4ed1-9bb5-87ec12caba59","2f18c77a-2bb4-471b-a49a-26f62c3643f1","Customer 32","Class","2025-05-30","Pending","Art","Amanda Davis",NULL,NULL,"90.07",NULL,NULL,"Art","Class","customer32@example.com","001-119-5447"
"b27ccf92-13e1-4ba5-8111-2e00306f0fd7","16c4687f-2b1d-469a-a91c-a870746b594a","Customer 33","Class","2025-05-10","Pending","Art","Amanda Davis","13:00:00",120,"225.96",NULL,NULL,"Art","Class","customer33@example.com",NULL
"0f97bc2b-074e-4308-b022-3a235dab20d1","205978f1-aef8-46b1-a756-fa709866422c","Customer 35","Class","2025-04-25","Pending","Gymnastics","Lisa Hensley","09:00:00",45,"296.42",NULL,NULL,"Gymnastics","Class","customer35@example.com",NULL
"db77af08-c5ee-47d2-8faf-d46d2c4a3690","d40e6029-df0b-4363-8e06-c411a7347a92","Customer 40","Class","2025-05-26","Confirmed","Art","Lisa Hensley","15:00:00",90,"136.25",NULL,NULL,"Art","Class",NULL,"001-215-7035"
"81e65ba6-1d5a-4bfa-926b-27006646c212","2478fbe8-9ca2-4176-8cd5-17a59e33ae8c","Customer 43","Class","2025-06-07","Pending","Art","James Howard","11:00:00",90,"261.97",NULL,NULL,"Art","Class","customer43@example.com","001-441-2127"
"a6a83483-2a89-4883-becd-cc5ece59b311","aba1b5ca-21b1-4e2f-8b12-d364bc10a76d","Customer 45","Class","2025-04-24","Pending","Dance","Amanda Davis","13:00:00",120,"192.87",NULL,NULL,"Dance","Class","customer45@example.com","001-669-4365"
"a0d124d5-23b1-4a24-8b9d-54ecce158c63","d8575a4e-789d-4163-b12e-d08d090aa823","Customer 47","Class","2025-05-04","Pending","Gymnastics","Lisa Hensley","11:00:00",120,"180.88",NULL,NULL,"Gymnastics","Class",NULL,"001-275-7503"
"8d1dcb9c-cc60-4f0f-ba36-3b86410add76","bf91e3d6-b493-4832-ae3a-3a012cdb0a4c","Customer 49","Class","2025-04-01","Pending","Art",NULL,"11:00:00",90,"98.11",NULL,NULL,"Art","Class","customer49@example.com","001-132-3808"
"3c391afe-c7c9-430b-9fc0-6030e3b2690b","cab99c6e-623d-4400-95ad-9c0aeeb3b575","Customer 50","Class","2025-04-23","Pending","Art","Lisa Hensley","09:00:00",45,"57.54",NULL,NULL,"Art","Facility","customer50@example.com","001-258-7350"
"a67fd068-fb5b-428a-8d97-5b750efa98a5","c4d055d2-87a3-432d-8bcd-045d1d723ea9","Customer 51","Class","2025-04-14","Confirmed","Gymnastics","James Howard","12:00:00",45,"299.05",NULL,NULL,"Gymnastics","Birthday Party",NULL,"001-874-3644"
"b5364707-97a4-4ab5-89d0-2d614cf1dcc9","a67cf3cc-d058-4de7-b6b1-864a4aaa2f7e","Customer 52","Class","2025-06-02","Confirmed","Gymnastics","Lisa Hensley",NULL,NULL,"69.58",NULL,NULL,"Gymnastics","Class","customer52@example.com","001-416-3747"
"b95ef10b-2a7c-4065-a420-f1061b2ae438","841c3cac-e644-4333-9be1-ee695cfbd420","Customer 68","Class","2025-04-08","Pending","Gymnastics","James Howard","13:00:00",120,"170.44",NULL,NULL,"Gymnastics","Facility","customer68@example.com","001-104-9092"
"9ee1b5fb-315f-4bd0-96de-5a5715969c8c","876e915d-b212-42ad-a2e8-64ad05c8af2c","Customer 69","Class","2025-06-03","Pending","Art",NULL,"14:00:00",120,"231.64",NULL,NULL,"Art","Class","customer69@example.com","001-431-9726"
"4c4ddb80-3971-4c6f-b377-4999ae77490d","9cfc4788-191f-462c-96c4-fbde5662c646","Customer 70","Class","2025-04-28","Confirmed","Gymnastics","Amanda Davis","14:00:00",45,"37.12",NULL,NULL,"Gymnastics","Birthday Party","customer70@example.com",NULL
"f6548f0b-29bc-401d-b874-6e91c894f9de","d96781a9-0b11-4517-b1ac-aa52261f32dc","Customer 74","Class","2025-04-29","Pending","Dance","Amanda Davis","13:00:00",90,"243.4",NULL,NULL,"Dance","Class","customer74@example.com","001-184-3092"
"6df01c9e-9d69-4efc-b4ed-305812634fd5","4a948402-a8bb-45a8-ba63-6d13cc4f7bac","Customer 75","Class","2025-05-22","Pending","Art","Lisa Hensley","15:00:00",90,"117.62",NULL,NULL,"Art","Class","customer75@example.com","001-474-4689"
"6f7c709b-12d8-46e9-b958-7e06f56f0479","bb6e9b0c-b795-4060-9236-8f39b71277e4","Customer 76","Class","2025-05-29","Pending","Gymnastics","James Howard","14:00:00",120,"240.83",NULL,NULL,"Gymnastics","Class",NULL,NULL
"c7e068bc-f66d-4a90-af0b-cc2050dd9f19","009ce218-e747-4541-a1d9-788aa6dc2dce","Customer 81","Class","2025-06-14","Pending","Gymnastics",NULL,"17:00:00",45,"213.13",NULL,NULL,"Gymnastics","Class","customer81@example.com","001-365-7961"
"fc556e41-bf1d-4468-aaca-ef09cd2a63a0","383f6a11-73b2-4b2c-b9f7-219a28969052","Customer 85","Class","2025-06-07","Pending","Gymnastics","Lisa Hensley","14:00:00",45,"130.82",NULL,NULL,"Gymnastics","Class","customer85@example.com",NULL
"8a03c807-776c-488e-b577-e489ab525281","2b84f3e3-884b-4ab5-8eae-12f1b2d02f00","Customer 90","Class","2025-04-15","Confirmed","Dance",NULL,"14:00:00",120,"277.9",NULL,NULL,"Dance","Facility","customer90@example.com","001-604-1226"
"b9bcd7e7-67da-45a3-ba5c-4094dcb96c5c","01f02f0d-8df7-446f-a46a-f49e0ee6769c","Customer 95","Class","2025-04-02","Pending","Gymnastics",NULL,NULL,NULL,"240.62",NULL,NULL,"Gymnastics","Class","customer95@example.com","001-640-4335"
"2ea4b963-c860-473a-9b95-7b5805ba8f10","36c33c4c-c233-44e6-bbc7-bbdc549bf712","Customer 97","Class","2025-06-20","Confirmed","Art","Lisa Hensley","10:00:00",90,"144.91",NULL,NULL,"Art","Class","customer97@example.com","001-937-2748"
"6b6364cc-5bfe-4152-9e6e-58390fc5384b","1fa6c263-c6a3-4e12-8163-3804ad582de9","Customer 98","Class","2025-06-18","Pending","Art","Lisa Hensley","15:00:00",45,"297.06",NULL,NULL,"Art","Class","customer98@example.com","001-689-5308"
"257869ed-b3ec-4e5e-92b9-4994caa6b7a2","da673861-4f09-482d-a378-143d6a8f9606","Customer 108","Class","2025-06-21","Pending","Dance","Amanda Davis","17:00:00",45,"121.26",NULL,NULL,"Dance","Class","customer108@example.com","001-820-8803"
"2bee0365-df6a-4b49-a278-c2bb170c6db5","c6d23ff2-9126-45dd-a3b4-cd63207a53f3","Customer 109","Class","2025-05-29","Pending","Art",NULL,NULL,NULL,"176.07",NULL,NULL,"Art","Birthday Party","customer109@example.com","001-931-7712"
"f262d6a2-65b6-46dc-86f4-ef78f3befd4f","26295488-486d-479b-8600-4329e5305a4a","Customer 113","Class","2025-04-27","Pending","Art","Amanda Davis","14:00:00",90,"69.56",NULL,NULL,"Art","Class","customer113@example.com","001-841-2806"
"3d33e190-1fec-47ff-847e-ab16dd62ff04","a8766679-75c8-4239-87f1-3741c1100310","Customer 114","Class","2025-05-24","Confirmed","Dance","James Howard","10:00:00",90,"104.25",NULL,NULL,"Dance","Class","customer114@example.com","001-122-7383"
"b38aad12-e989-4b66-94d1-f91440d8f298","098f8be2-189b-4168-80af-415c4e91c1fb","Customer 119","Class","2025-05-21","Confirmed","Dance",NULL,"16:00:00",120,"184.39",NULL,NULL,"Dance","Facility","customer119@example.com","001-986-5562"
"1fde3941-c3f8-4545-9567-3cb10442fecd","0a5ae4eb-e1f6-46bb-b23f-dcc5fff98e82","Customer 121","Class","2025-05-07","Pending","Gymnastics",NULL,"09:00:00",45,"53.49",NULL,NULL,"Gymnastics","Facility","customer121@example.com","001-894-1227"
"02c41a51-9f3a-43c2-b0be-3b3006d39b57","a6db1315-da91-4054-b187-776af3882909","Customer 122","Class","2025-04-04","Confirmed","Dance","Lisa Hensley","11:00:00",45,"176.35",NULL,NULL,"Dance","Birthday Party","customer122@example.com","001-397-5353"
"5d2735ea-ce3d-45c6-862c-2182514f2961","b311a674-5d64-42d2-b168-ed3a8cc71b93","Customer 126","Class","2025-05-22","Pending","Art","Amanda Davis","13:00:00",90,"122.05",NULL,NULL,"Art","Class","customer126@example.com","001-533-1978"
"ccd2cfec-8fe9-457a-9f72-3fcebb49f6de","bdde9c40-000c-42b8-bc21-440ae0860d3b","Customer 127","Class","2025-03-31","Pending","Dance","James Howard","11:00:00",90,"87.48",NULL,NULL,"Dance","Class","customer127@example.com","001-485-2697"
"fa3ec692-c258-4f3e-a003-7a0c17054e50","6100aefd-3928-47ff-bc15-acef27d21746","Customer 128","Class","2025-05-18","Confirmed","Art","Amanda Davis","15:00:00",90,"23.8",NULL,NULL,"Art","Facility","customer128@example.com","001-707-4588"
"9ae3b746-8d6c-4ad3-8e12-548c721d0f52","706dee1c-2ed5-4d88-8d84-a25455e87b60","Customer 130","Class","2025-05-12","Confirmed","Art",NULL,NULL,NULL,"95.59",NULL,NULL,"Art","Facility","customer130@example.com","001-984-7841"
"29fb60ef-dfed-4bfd-90d6-114a7a9695a8","9919e299-79e0-4d87-afbb-2a88b79c445e","Customer 142","Class","2025-04-07","Confirmed","Gymnastics","Lisa Hensley","13:00:00",120,"103.14",NULL,NULL,"Gymnastics","Class","customer142@example.com","001-257-9939"
"3c136d82-e2b1-4888-9360-3ce3d45c6180","a5be2cd7-02f1-4c4a-818c-3b25bebaa79e","Customer 145","Class","2025-04-30","Confirmed","Gymnastics","James Howard","09:00:00",45,"110.77",NULL,NULL,"Gymnastics","Facility","customer145@example.com","001-147-3457"
"94fdf886-484b-43ae-88b1-a65d2bec6862","b836114d-b386-4108-b088-2c5325979831","Customer 156","Class","2025-04-10","Confirmed","Art",NULL,"12:00:00",45,"296.6",NULL,NULL,"Art","Class","customer156@example.com","001-244-9656"
"379044e7-d1e9-44ce-9bcc-a76964d29d67","d1a04991-e4c2-40a6-a2d4-a637c4e87690","Customer 158","Class","2025-06-20","Pending","Art","James Howard","15:00:00",120,"16.93",NULL,NULL,"Art","Facility","customer158@example.com","001-127-5723"
"cf3702a3-66d2-439e-b195-a8a741c40c6c","3831da29-a4b0-4e51-90ce-a9b197f51a6b","Customer 159","Class","2025-03-31","Confirmed","Dance","Amanda Davis",NULL,NULL,"264.74",NULL,NULL,"Dance","Birthday Party","customer159@example.com","001-533-9794"
"13a0e713-d8c3-4585-bb8a-46ecd7b25de0","4d5f6135-a649-4f3e-8966-fbd70d041608","Customer 161","Class","2025-04-01","Pending","Art","Amanda Davis","10:00:00",45,"33.24",NULL,NULL,"Art","Birthday Party","customer161@example.com","001-303-1946"
"a00b20ee-d50a-4c02-ac14-143a26e4ec78","80cfd0b7-6b84-4e9c-88dd-1865d202d579","Customer 163","Class","2025-06-12","Pending","Art","Amanda Davis","16:00:00",90,"230.21",NULL,NULL,"Art","Class","customer163@example.com","001-457-1046"
"fa1cbd55-5998-4e7b-833f-a7df9513f66e","1223d418-60ce-4836-8d46-87fd0fa1a4a0","Customer 168","Class","2025-05-09","Pending","Gymnastics","Amanda Davis",NULL,NULL,"211.3",NULL,NULL,"Gymnastics","Facility","customer168@example.com","001-891-4634"
"e90c7bc3-76d9-4063-a987-7ef628b0ee89","b3f9c086-6cf3-4f9b-9881-0d10b619b2c0","Customer 169","Class","2025-03-27","Confirmed","Dance","Lisa Hensley","09:00:00",45,"220.18",NULL,NULL,"Dance","Class",NULL,"001-845-8333"
"df945f17-206d-4af7-9a97-592f4256a223","a6aec83b-56df-460c-8624-6531d90feb08","Customer 176","Class","2025-05-19","Confirmed","Art","Lisa Hensley","17:00:00",90,"149.01",NULL,NULL,"Art","Class",NULL,"001-912-3909"
"4ce8c61f-8a0b-49b2-ba27-085c844a9bba","9d8197d0-1287-4a55-aa3e-c2fee52ea322","Customer 177","Class","2025-05-16","Pending","Dance",NULL,NULL,NULL,"281.4",NULL,NULL,"Dance","Class","customer177@example.com","001-331-5553"
"a4a455fb-2156-40d2-95f0-fd0ea6c1bc94","5b852626-69f6-406e-9c1e-fd8f2ff9e606","Customer 188","Class","2025-05-08","Confirmed","Art","Amanda Davis","14:00:00",45,"183.34",NULL,NULL,"Art","Class","customer188@example.com","001-546-1290"
"f2eb147b-0f65-4580-9846-17705978ee0f","8e21cd56-5d1b-4af1-a317-763f84208741","Customer 189","Class","2025-04-10","Confirmed","Dance","James Howard",NULL,NULL,"295.4",NULL,NULL,"Dance","Class","customer189@example.com","001-317-9055"
"aa2a4522-820d-43d3-aac0-0a391b552c70","061e3612-3ad5-4196-9d62-767edc5a568b","Customer 190","Class","2025-04-03","Confirmed","Dance","Amanda Davis","09:00:00",90,"170.86",NULL,NULL,"Dance","Class","customer190@example.com","001-533-4755"
"08a32f8e-4ed4-4201-ae62-7f1d77024582","235617b9-a5a9-43b9-8449-76b88b71fe01","Customer 193","Class","2025-05-05","Confirmed","Art",NULL,"13:00:00",45,"249.36",NULL,NULL,"Art","Class","customer193@example.com","001-312-1512"
"1a269ffe-bc25-4569-aa80-88fe24e5a51f","fe1f071c-2978-4bb5-8ed9-27fec0e6a1c2","Customer 196","Class","2025-04-03","Pending","Dance","James Howard","14:00:00",45,"122.4",NULL,NULL,"Dance","Facility","customer196@example.com",NULL
"e62abc3b-d89b-48c8-b573-4013267060aa","6c5f4de5-134b-49fe-a3be-b75178c65a45","Customer 197","Class","2025-05-09","Pending","Gymnastics",NULL,NULL,NULL,"165.16",NULL,NULL,"Gymnastics","Class","customer197@example.com","001-540-7428"
"9472a728-5084-48e7-8e15-839be2ddb139","2332532d-6091-4cfb-82c9-d208fdf2979f","Customer 200","Class","2025-04-04","Pending","Art","James Howard","09:00:00",45,"38.67",NULL,NULL,"Art","Birthday Party","customer200@example.com","001-276-5557"
"109594d4-f790-4a29-ac72-1ca704463424","c96abafd-f6eb-4017-bbc5-0acacc6d1ae3","Customer 210","Class","2025-04-15","Pending","Dance","Lisa Hensley","13:00:00",45,"245.31",NULL,NULL,"Dance","Facility","customer210@example.com","001-588-8035"
"6545eb4d-8bc1-49e3-8969-75c77a096b60","15c70086-4566-4cef-a73e-892c29bab5b5","Customer 212","Class","2025-06-05","Confirmed","Art","Lisa Hensley","15:00:00",90,"196.32",NULL,NULL,"Art","Class","customer212@example.com","001-744-5499"
"d5ff8584-d8d5-44ad-90ed-01a446284b0d","c0f6813c-283e-404d-af87-7a64d63df91e","Customer 215","Class","2025-03-28","Confirmed","Art","Amanda Davis","09:00:00",90,"225.49",NULL,NULL,"Art","Class","customer215@example.com","001-531-1289"
"72f3d59e-79d8-41f5-9a15-a62dd1dff0f4","50a06c25-ca71-4027-a8de-017765879a86","Customer 219","Class","2025-05-03","Pending","Gymnastics","Amanda Davis","11:00:00",90,"276.31",NULL,NULL,"Gymnastics","Class",NULL,NULL
"5b52f8d1-e865-4806-9634-8a41346be642","b63521e8-92ad-4ab9-9dd7-13906ab6d548","Customer 220","Class","2025-05-16","Confirmed","Art","James Howard","09:00:00",90,"215.74",NULL,NULL,"Art","Class","customer220@example.com","001-975-8980"
"56495fb5-9c1a-418d-913b-bfdfc141e9ab","8d035a92-5d3d-4b26-8509-deee8a063211","Customer 228","Class","2025-06-10","Pending","Dance","Amanda Davis","14:00:00",90,"150.25",NULL,NULL,"Dance","Class","customer228@example.com","001-899-5660"
"54b10571-8d41-422e-a956-a16b4112d7af","cc0e080f-f55f-473e-8f4b-de8f77b1fc7a","Customer 234","Class","2025-04-23","Confirmed","Gymnastics","James Howard","13:00:00",90,"32.15",NULL,NULL,"Gymnastics","Facility","customer234@example.com","001-805-6632"
"cf33bd12-dfec-48ed-9a83-a04a0c0a7138","6525e5e5-e0a1-4498-a3b7-89ef43dc37fd","Customer 235","Class","2025-06-14","Confirmed","Art",NULL,NULL,NULL,"117.69",NULL,NULL,"Art","Class","customer235@example.com","001-483-8723"
"b193f2bf-ca8a-4d5b-9a79-6e6aeee87832","0c9e7c93-3e1c-4659-8e25-de0992af306d","Customer 237","Class","2025-04-14","Confirmed","Art","Lisa Hensley","14:00:00",120,"31.74",NULL,NULL,"Art","Class",NULL,"001-781-9334"
"e79e2ca2-3e85-41f8-94b2-f37c2bd06a66","ec13ac2d-510e-41e3-8195-bfb4d50b946f","Customer 246","Class","2025-04-11","Pending","Gymnastics","Amanda Davis","10:00:00",90,"28.95",NULL,NULL,"Gymnastics","Class","customer246@example.com","001-475-3469"
"5b796dfb-e0eb-48dc-b15e-a38e633f4983","386f81f7-f20a-4b1e-932e-9a19149890ae","Customer 247","Class","2025-05-29","Confirmed","Art","James Howard","14:00:00",90,"112.03",NULL,NULL,"Art","Class","customer247@example.com","001-578-6414"
"39e6d0ce-2304-467e-acfa-70b4ab6b774b","472211df-e514-4775-91a6-e2a81b607857","Customer 253","Class","2025-06-18","Confirmed","Gymnastics","Lisa Hensley",NULL,NULL,"222.77",NULL,NULL,"Gymnastics","Facility","customer253@example.com","001-213-3771"
"0f501c3e-060f-45f0-9286-d095a40b6a13","f99bdeac-9fb0-4b4b-802f-3f36d678ba28","Customer 256","Class","2025-06-01","Confirmed","Art","James Howard","10:00:00",120,"274.8",NULL,NULL,"Art","Class","customer256@example.com","001-880-1460"
"ef3d15c7-8aec-49c3-af4f-297c996cd902","b14ab1f4-ff09-49e3-a223-42079e958295","Customer 257","Class","2025-04-08","Confirmed","Gymnastics","Amanda Davis",NULL,NULL,"229.87",NULL,NULL,"Gymnastics","Class","customer257@example.com","001-975-7474"
"35ab3ac4-757c-4ae4-affb-bbe047481b78","570daff8-10de-4055-b68d-410dba750418","Customer 258","Class","2025-05-24","Confirmed","Gymnastics","Lisa Hensley",NULL,NULL,"288.79",NULL,NULL,"Gymnastics","Class","customer258@example.com","001-727-4181"
"839435ab-ccd1-4334-bf2b-36b3554e9fa2","12011153-ad84-465c-ba18-f07129f0ca04","Customer 259","Class","2025-05-17","Pending","Dance",NULL,NULL,NULL,"77.3",NULL,NULL,"Dance","Birthday Party","customer259@example.com","001-698-8651"
"7538432d-74ed-4ad9-aefa-d2cc6762c418","2c73c6aa-4b06-4dd8-b0c8-aec1e76fbfc7","Customer 261","Class","2025-06-20","Confirmed","Dance","Lisa Hensley","17:00:00",90,"138.98",NULL,NULL,"Dance","Class","customer261@example.com","001-566-8421"
"3bb786a3-81b8-404f-a567-b17eb57cd479","e84a1fad-0229-4a41-a182-eacf735d92d5","Customer 269","Class","2025-06-22","Pending","Gymnastics","Lisa Hensley","11:00:00",90,"86.66",NULL,NULL,"Gymnastics","Birthday Party","customer269@example.com","001-305-7937"
"46ee6cab-5fcc-46d1-b368-7287838fb221","c08c12ce-0af7-4dd6-8164-a5e590c4b69d","Customer 273","Class","2025-05-17","Confirmed","Art","Amanda Davis","16:00:00",90,"220.33",NULL,NULL,"Art","Class","customer273@example.com","001-944-2499"
"94037061-9fb3-4fa7-8778-39aa089fe997","bc0301d0-52a2-4b59-b574-e272d01d93e0","Customer 280","Class","2025-06-11","Confirmed","Gymnastics","Lisa Hensley","13:00:00",120,"258.64",NULL,NULL,"Gymnastics","Class","customer280@example.com","001-211-5467"
"e2974fd0-36dd-430a-975b-22a1948332df","3d5de5f4-adf7-41fc-88e2-a834ca08bb9b","Customer 281","Class","2025-06-15","Confirmed","Gymnastics","Amanda Davis","11:00:00",90,"239.39",NULL,NULL,"Gymnastics","Class","customer281@example.com",NULL
"30508191-396f-461d-a620-afe0296c246c","e96a1d4d-8104-4ebc-8b38-a273bdbaf8a4","Customer 289","Class","2025-04-09","Confirmed","Dance","Amanda Davis","17:00:00",45,"124.76",NULL,NULL,"Dance","Birthday Party","customer289@example.com","001-370-5327"
"601d68a7-bf85-4f10-8ff2-5187274eb226","2d9e995e-6f93-4e36-8a96-32240fd98a0b","Customer 294","Class","2025-06-07","Pending","Art",NULL,NULL,NULL,"275.82",NULL,NULL,"Art","Class","customer294@example.com","001-759-9832"
"f324b192-35c4-4e19-a729-8c51812ea1b0","1a50f91e-4bee-49b4-bb47-cdfbba4136a5","Customer 298","Class","2025-03-25","Confirmed","Gymnastics","James Howard",NULL,NULL,"210.23",NULL,NULL,"Gymnastics","Birthday Party","customer298@example.com","001-787-2366"
"78f46ced-72b6-4965-ba3b-99ae1997cf1c","6d87eb79-2872-47d1-ae1b-4d9277bd2951","Customer 302","Class","2025-03-31","Confirmed","Gymnastics","Amanda Davis","14:00:00",120,"135.28",NULL,NULL,"Gymnastics","Class","customer302@example.com","001-132-3969"
"2fa88671-6bde-44da-8bec-f5865f7a2775","20040243-f5b8-47b6-8ec0-9d563658eec3","Customer 309","Class","2025-06-12","Confirmed","Art","Lisa Hensley","15:00:00",120,"28.97",NULL,NULL,"Art","Class","customer309@example.com","001-178-2660"
"580d8d63-77cb-401e-9ae7-f16262551713","1df7e090-bb8c-4d9b-84e4-89e6affad98f","Customer 310","Class","2025-05-17","Pending","Gymnastics",NULL,"14:00:00",120,"283.34",NULL,NULL,"Gymnastics","Facility",NULL,"001-711-1824"
"342cb9a9-bc09-4008-aac9-1d53881086ad","327dd382-e761-43ef-9070-fe05750db0e0","Customer 313","Class","2025-06-08","Confirmed","Gymnastics","Amanda Davis","09:00:00",90,"52.98",NULL,NULL,"Gymnastics","Class","customer313@example.com",NULL
"d204cdff-e2d6-44a4-82b8-230c2304e91e","0b1fff87-13ef-4729-8bc4-4abe9c7c7941","Customer 319","Class","2025-05-11","Confirmed","Art","James Howard","13:00:00",45,"196.85",NULL,NULL,"Art","Class",NULL,"001-966-7293"
"91f12ead-e460-49b2-b184-614f6b14e038","0eddf917-7871-46e5-9d29-77fc55f07400","Customer 320","Class","2025-05-09","Confirmed","Gymnastics","Amanda Davis","14:00:00",45,"134.04",NULL,NULL,"Gymnastics","Class","customer320@example.com","001-321-6480"
"90d29c6a-b141-4790-ab49-847370f78ff8","b3e5c73b-932a-4dc3-8fd4-c575b2406777","Customer 328","Class","2025-06-11","Confirmed","Art","Lisa Hensley","13:00:00",90,"35.07",NULL,NULL,"Art","Birthday Party","customer328@example.com","001-479-1727"
"71236b83-07a0-484a-a9ea-0b2c77a50b1e","311ce035-8459-4aa4-aba2-88627bdb75c9","Customer 329","Class","2025-04-26","Confirmed","Gymnastics","Lisa Hensley","16:00:00",45,"208.45",NULL,NULL,"Gymnastics","Class","customer329@example.com","001-943-1980"
"e34f0398-2d13-4603-8fb2-72026744d68b","a93ad879-a884-4021-a712-3aba8af48c4c","Customer 330","Class","2025-05-20","Pending","Dance",NULL,NULL,NULL,"60.68",NULL,NULL,"Dance","Class","customer330@example.com","001-833-9764"
"c6baffae-d249-44b3-bd8d-3572cac0a4fb","d666f92a-ca18-4d59-a584-ddab9412e4d6","Customer 331","Class","2025-06-04","Pending","Dance","Amanda Davis","12:00:00",90,"222.94",NULL,NULL,"Dance","Birthday Party","customer331@example.com","001-521-7311"
"1dc4fd20-f4fd-4c3c-904f-2ddf6e4af563","eb6c97f8-5235-4945-8d5f-634c14b2e1bb","Customer 332","Class","2025-05-23","Confirmed","Gymnastics","Amanda Davis","16:00:00",90,"207.04",NULL,NULL,"Gymnastics","Class","customer332@example.com","001-735-8456"
"94ab3da2-27bf-491a-885d-360175af29aa","65d514b1-e7dc-49b2-9128-5cf7ad885c12","Customer 342","Class","2025-06-07","Pending","Gymnastics","Amanda Davis","12:00:00",90,"72.47",NULL,NULL,"Gymnastics","Class","customer342@example.com","001-527-7749"
"9077aa42-1504-4a20-ab1d-a38a1efa2559","4f3ceb41-541a-415c-9045-b6e3a82085ce","Customer 345","Class","2025-05-15","Pending","Gymnastics","James Howard","10:00:00",45,"270.23",NULL,NULL,"Gymnastics","Facility","customer345@example.com","001-361-5024"
"11584459-b77a-4d18-89b5-81c2395d793b","75468b5f-174d-462b-9c43-40d74f2f3164","Customer 347","Class","2025-05-26","Confirmed","Art",NULL,NULL,NULL,"291.39",NULL,NULL,"Art","Class","customer347@example.com",NULL
"4d14a4e0-f8f6-4408-b0f2-91df5c6153b5","811db648-3b63-459b-b282-74ea069d0b87","Customer 359","Class","2025-04-05","Pending","Dance","Amanda Davis","15:00:00",90,"291.48",NULL,NULL,"Dance","Facility","customer359@example.com","001-182-9274"
"beeff399-9f59-4e66-9d11-e6a7a6e541ab","14d306a4-310d-41d5-84fe-e490eaa7e6cd","Customer 364","Class","2025-06-01","Pending","Art","Amanda Davis","17:00:00",120,"15.37",NULL,NULL,"Art","Class","customer364@example.com","001-850-4288"
"4f0aeb2c-ad73-4127-a3e7-c10d7c780666","b56e35fc-068c-4685-b6dd-ca3f7fca53f9","Customer 370","Class","2025-05-14","Pending","Dance",NULL,"14:00:00",45,"94.25",NULL,NULL,"Dance","Birthday Party","customer370@example.com","001-284-1731"
"69c790e2-b052-48c7-ac4d-b06e341f55a8","877b77c8-129f-4259-9500-1db33c3f8a6a","Customer 371","Class","2025-04-15","Pending","Art","Amanda Davis",NULL,NULL,"155.98",NULL,NULL,"Art","Facility","customer371@example.com","001-215-1688"
"f99d1867-7434-4fe1-9467-ff3497795e85","88489bea-260e-4f2d-bcd9-42a125d711ec","Customer 374","Class","2025-04-03","Confirmed","Gymnastics","James Howard","12:00:00",90,"119.4",NULL,NULL,"Gymnastics","Class","customer374@example.com","001-783-6454"
"69e7c200-6353-49ef-9692-e541f91e9b07","1ac787e6-0a2c-448c-a661-e9d7ba0c2060","Customer 376","Class","2025-05-02","Pending","Art","James Howard","17:00:00",120,"64.1",NULL,NULL,"Art","Class",NULL,"001-451-2648"
"55e7583d-2e4c-47cf-a93e-71fca12a0f80","67918571-80b1-40a4-805b-0b866ccab1f7","Customer 377","Class","2025-05-06","Confirmed","Dance",NULL,"15:00:00",90,"137.35",NULL,NULL,"Dance","Class","customer377@example.com",NULL
"da47638f-8094-4664-b3a9-29d85419474d","5065a3ee-0017-473a-8f2e-a149e3efa111","Customer 381","Class","2025-03-29","Pending","Dance","James Howard","13:00:00",45,"219.01",NULL,NULL,"Dance","Class","customer381@example.com","001-980-5710"
"b132574f-f6f5-43a9-8f62-3f87de267713","cba95db6-5fd6-43c1-b78d-7af912a6a996","Customer 384","Class","2025-06-03","Confirmed","Gymnastics","James Howard","12:00:00",90,"210",NULL,NULL,"Gymnastics","Class","customer384@example.com",NULL
"5197604a-fc9d-449d-8fd5-9dea3af50b39","83fa720a-53e2-44ed-90c8-f3a42e80ceec","Customer 390","Class","2025-04-05","Pending","Art","Lisa Hensley","15:00:00",90,"120.34",NULL,NULL,"Art","Birthday Party","customer390@example.com","001-538-6476"
"e7db9cfd-9770-4892-8266-84e34716f182","e7ec32a6-5e9b-4f8e-9857-bb2185e38413","Customer 391","Class","2025-04-28","Confirmed","Art","Lisa Hensley","11:00:00",90,"151.25",NULL,NULL,"Art","Class","customer391@example.com","001-320-6006"
"13a6b68c-c0b1-4bb4-a253-8ee926170515","775a557a-e2a9-45fc-9d87-704c60c7ae86","Customer 392","Class","2025-05-31","Pending","Dance","James Howard","12:00:00",120,"210.05",NULL,NULL,"Dance","Class","customer392@example.com","001-254-7288"
"c8074dba-9576-4786-8d8f-7ef8b04046a0","3ad3be21-d8b2-4a2f-acdb-81d1385d4913","Customer 394","Class","2025-04-07","Pending","Art","James Howard","14:00:00",90,"219.38",NULL,NULL,"Art","Class",NULL,"001-567-9405"
"a294a2bf-1d66-408b-8cfc-080c9779f1dd","a62f6581-3a25-48fd-868f-f96444d52563","Customer 400","Class","2025-06-12","Pending","Gymnastics","James Howard","09:00:00",90,"115.62",NULL,NULL,"Gymnastics","Class","customer400@example.com","001-378-4697"
"6a369d34-912f-420f-91c3-cd7a8c596a2c","467fecd3-aff0-46ad-8cf7-fab62d57fd45","Customer 403","Class","2025-04-02","Pending","Dance","James Howard","10:00:00",45,"222.25",NULL,NULL,"Dance","Class","customer403@example.com",NULL
"aeac2b6f-6185-4acb-b8d0-e6f093d1e31f","2b423b6c-8e6c-47fa-ad1e-3b7eac47128a","Customer 404","Class","2025-06-14","Confirmed","Dance","James Howard","13:00:00",90,"171.43",NULL,NULL,"Dance","Class","customer404@example.com","001-116-8945"
"86ee13f9-82b9-4484-a40a-1c149d62e10e","390d2ceb-202c-4f45-a97e-b1dd96d39637","Customer 406","Class","2025-05-04","Pending","Gymnastics","James Howard",NULL,NULL,"131.92",NULL,NULL,"Gymnastics","Birthday Party","customer406@example.com","001-160-5375"
"3c21a622-90da-42cd-b046-bd2d2ed8931a","10d75ab4-f568-4b84-9828-a8b47080be8e","Customer 407","Class","2025-04-05","Pending","Dance","Lisa Hensley","11:00:00",120,"37.57",NULL,NULL,"Dance","Class","customer407@example.com","001-173-1635"
"f669c4c0-bb9e-4ba9-9334-f3c5dec42593","2b9cc334-9a03-47c1-a905-21a00af20e7f","Customer 420","Class","2025-06-05","Pending","Dance",NULL,NULL,NULL,"119.11",NULL,NULL,"Dance","Class",NULL,"001-378-6433"
"c182d6c8-6c8a-48e9-8f35-ce6d2609c9b4","ac927c9b-3364-4e21-a626-f5f0436cc5be","Customer 424","Class","2025-04-07","Confirmed","Art","James Howard","14:00:00",120,"163.51",NULL,NULL,"Art","Class","customer424@example.com","001-654-8996"
"0afef75b-a4d7-430d-af4e-3c436ab4e672","68b30877-7597-41bf-9df5-50dfb7a0a883","Customer 432","Class","2025-05-13","Pending","Art","Amanda Davis","13:00:00",120,"124.9",NULL,NULL,"Art","Birthday Party","customer432@example.com","001-934-5424"
"8c8ba606-254d-4c58-8b69-22ceabf0bfd0","83b2fb40-d4ff-4f58-9277-3ecc6654eee9","Customer 437","Class","2025-05-02","Confirmed","Gymnastics","James Howard","16:00:00",90,"177.27",NULL,NULL,"Gymnastics","Class",NULL,"001-368-6358"
"6cfa0453-2ed8-4ac5-b3ec-d28f14703dc1","368410c3-cd61-4964-982d-4cf59dfd2689","Customer 440","Class","2025-06-16","Pending","Art","James Howard","16:00:00",45,"181.88",NULL,NULL,"Art","Birthday Party","customer440@example.com","001-398-5020"
"d5816aa4-8ff7-43a3-a234-9126241057df","a9668b92-caa2-4465-87e0-26c85e6da6e0","Customer 442","Class","2025-04-05","Confirmed","Art","Amanda Davis",NULL,NULL,"133.21",NULL,NULL,"Art","Class","customer442@example.com",NULL
"8d28323b-3603-4bf3-b9a5-8d525cfa32e3","b6d40ff2-d5e6-4ed3-aaae-e1a4405e2460","Customer 447","Class","2025-05-07","Confirmed","Art","Amanda Davis",NULL,NULL,"139.31",NULL,NULL,"Art","Class","customer447@example.com","001-705-4814"
"f220b357-6794-4f3e-a0c8-f1a560616117","5cd6ce0c-fb00-4203-83aa-9cf331d94439","Customer 449","Class","2025-04-06","Pending","Gymnastics","Lisa Hensley",NULL,NULL,"141.01",NULL,NULL,"Gymnastics","Class","customer449@example.com","001-571-8577"
"dc20c219-1aa0-4af5-a861-94d89ab4273e","522e172f-81b7-4c4d-b1df-2ee506a542b9","Customer 450","Class","2025-05-16","Pending","Art","James Howard","17:00:00",120,"218.14",NULL,NULL,"Art","Facility","customer450@example.com","001-998-7020"
"4717a7fb-6d68-4fe5-9c89-f22a74eef62f","c1d86f92-32d8-4fc5-af29-302ac3c3a00e","Customer 452","Class","2025-04-05","Confirmed","Dance","James Howard","17:00:00",120,"238.6",NULL,NULL,"Dance","Class","customer452@example.com","001-858-9519"
"49d49b0a-9468-4bd4-ab7d-cf27ffd4abf5","a3c89f6d-219e-4eee-a178-8ec78e2fb0b3","Customer 458","Class","2025-06-09","Confirmed","Dance","Lisa Hensley",NULL,NULL,"120.99",NULL,NULL,"Dance","Class","customer458@example.com","001-642-1376"
"9bea7877-e211-4b15-9f72-ae0c228be498","db77a484-3e35-4bd0-9f4d-1f7d9d82f337","Customer 466","Class","2025-04-17","Confirmed","Art","James Howard",NULL,NULL,"36.22",NULL,NULL,"Art","Class","customer466@example.com","001-147-4137"
"2c0e0ce7-8813-4ce9-9ecc-6cc3b6738dd1","0dd5e688-fce3-4f7d-b5a4-8ea598fce463","Customer 468","Class","2025-05-10","Pending","Dance",NULL,"10:00:00",90,"89.88",NULL,NULL,"Dance","Class",NULL,"001-156-5187"
"88350aff-dbd9-4956-b2ca-405ac9b6a74f","24c1b37a-9583-4657-a0ba-8752efcad80f","Customer 475","Class","2025-04-23","Confirmed","Dance","Amanda Davis","15:00:00",120,"85.85",NULL,NULL,"Dance","Class","customer475@example.com","001-908-7416"
"7d0d561a-e45f-43c9-a65a-3ca65d7046c7","10ebe6f9-647d-40e5-975a-99a2410f73eb","Customer 477","Class","2025-05-29","Pending","Gymnastics","Amanda Davis","11:00:00",45,"223.99",NULL,NULL,"Gymnastics","Class","customer477@example.com","001-542-8559"
"f56e69fa-0476-4e8a-8aa3-bbb937e554ba","6d2dd2b1-0191-448a-aced-dbfd26db4d3b","Customer 479","Class","2025-03-27","Confirmed","Dance","Lisa Hensley","16:00:00",120,"101.66",NULL,NULL,"Dance","Class","customer479@example.com","001-824-2376"
"8d9ca5d9-2b1a-430a-b218-3df65b4db3e7","4abd9438-73a4-4c1b-9b93-5d70b91f822c","Customer 480","Class","2025-06-13","Pending","Dance",NULL,"14:00:00",45,"47.35",NULL,NULL,"Dance","Class","customer480@example.com","001-296-4030"
"ecc39496-ff64-4c7d-8318-bd1b414564bb","58b4ed5d-26d6-4510-ae0a-737c99e74d34","Customer 487","Class","2025-05-04","Confirmed","Dance","Lisa Hensley",NULL,NULL,"49.21",NULL,NULL,"Dance","Birthday Party","customer487@example.com","001-442-2270"
"831a3f16-d5ce-4488-8a0f-16f75b98e4c9","9e60c147-ed8f-4888-8bc0-5c0a9736dc50","Customer 488","Class","2025-05-17","Pending","Gymnastics","James Howard","14:00:00",45,"91.89",NULL,NULL,"Gymnastics","Birthday Party",NULL,"001-735-4650"
"742cb055-5891-4a47-ba0d-c9ef6f09f73a","d1954fa6-74c2-4d1c-a685-f82323c9e6ce","Customer 490","Class","2025-03-28","Confirmed","Gymnastics","James Howard","12:00:00",120,"96.12",NULL,NULL,"Gymnastics","Class","customer490@example.com","001-337-5393"
"946bc347-7a49-48c7-aed3-0072fe34d98d","f124596a-1cc5-4584-ab29-133381da535c","Customer 494","Class","2025-04-19","Pending","Dance","Lisa Hensley","16:00:00",90,"243.28",NULL,NULL,"Dance","Class",NULL,NULL
"3a46bbea-9707-4969-9100-a6d237aab21a","bdc570f1-21cd-4413-a172-16df13321e8b","Customer 496","Class","2025-04-25","Confirmed","Dance","Amanda Davis","11:00:00",90,"297.19",NULL,NULL,"Dance","Birthday Party","customer496@example.com","001-741-8075"
"ef6fb999-60be-41cd-b42d-0bb9fdb6b772","6ef20557-965c-4786-b370-0a31c1fb026c","Customer 497","Class","2025-06-04","Confirmed","Gymnastics","James Howard","13:00:00",90,"120.8",NULL,NULL,"Gymnastics","Class","customer497@example.com","001-917-1228"
"26ec3810-cb13-4839-8f32-b9ff45465f0d","c7db5214-2b59-41e5-b6af-f6c4b41b0359","Customer 505","Class","2025-06-06","Pending","Dance",NULL,"13:00:00",45,"27.61",NULL,NULL,"Dance","Class","customer505@example.com","001-555-4603"
"f2aae869-7fd4-4d7c-98df-679c29fe6595","b970f52d-6fbd-4271-bf00-dcfceba49312","Customer 506","Class","2025-04-24","Pending","Gymnastics","James Howard","14:00:00",120,"200.33",NULL,NULL,"Gymnastics","Class","customer506@example.com","001-551-9278"
"11c6e62b-5d41-44d4-bf29-67f1ba0a5fcb","479d2872-b85f-4878-bfac-5b42d4cd6dc5","Customer 509","Class","2025-04-13","Confirmed","Dance","Amanda Davis",NULL,NULL,"50.9",NULL,NULL,"Dance","Facility","customer509@example.com","001-924-8618"
"0102ecd0-a298-411f-a6e3-d9822ab65a7f","b0b3f307-c871-4037-8ed8-86dfcc272358","Customer 512","Class","2025-05-11","Pending","Gymnastics",NULL,"09:00:00",45,"208.08",NULL,NULL,"Gymnastics","Class","customer512@example.com","001-483-4869"
"0cd5c18b-e3ee-41b9-a780-9434f5af29bf","5b8adbdd-b9a1-4b56-b699-f3a893a7fdb7","Customer 518","Class","2025-06-15","Pending","Dance","James Howard","13:00:00",90,"82.22",NULL,NULL,"Dance","Class","customer518@example.com",NULL
"fbe54c69-c8b5-455d-884b-74bff414720c","8346eb76-26ac-4a02-ae28-be02969f5c15","Customer 520","Class","2025-06-08","Pending","Art","Lisa Hensley","10:00:00",120,"25.01",NULL,NULL,"Art","Birthday Party","customer520@example.com","001-971-1557"
"74322f8e-988e-4757-8c74-6204adaacd3c","bf0f91df-9f58-4674-9047-25894179ae6a","Customer 523","Class","2025-05-29","Pending","Art","Amanda Davis","17:00:00",120,"83.29",NULL,NULL,"Art","Birthday Party","customer523@example.com","001-181-6822"
"81f10c02-c674-487e-b460-90acfbbeb522","1e3f094d-5943-4f02-a84b-867c8d2e3201","Customer 524","Class","2025-04-15","Confirmed","Dance","Amanda Davis","10:00:00",45,"247.12",NULL,NULL,"Dance","Class","customer524@example.com","001-900-7811"
"d97b6926-2aa2-4aef-adad-476695f75412","c5144c06-fdec-414b-aaa1-5bdc9b6728b4","Customer 526","Class","2025-05-15","Pending","Gymnastics","Lisa Hensley","11:00:00",90,"210.05",NULL,NULL,"Gymnastics","Class","customer526@example.com","001-223-8546"
"de7ff8a0-0455-4ddf-b586-1cc05c462475","8a05dfac-aa12-4dcc-a99a-576c276e94c5","Customer 528","Class","2025-05-04","Confirmed","Art","James Howard","12:00:00",90,"298.15",NULL,NULL,"Art","Class","customer528@example.com","001-637-5287"
"4948bfb9-3b9c-4f55-a623-00cc3fb361db","8835f97e-4438-4471-a858-200c67d6a10b","Customer 529","Class","2025-06-11","Confirmed","Art","Amanda Davis","16:00:00",45,"193.89",NULL,NULL,"Art","Birthday Party","customer529@example.com","001-493-5527"
"1e6a8048-e296-47cb-a23c-9637371cf3ed","23e29ce3-8b40-4ed9-a4d2-603b6d5b24e4","Customer 530","Class","2025-06-16","Confirmed","Dance","Lisa Hensley","14:00:00",45,"45.27",NULL,NULL,"Dance","Class","customer530@example.com","001-312-7423"
"f710644b-18e0-4b72-9bd7-53ed9b99e524","07385089-b884-40f7-bc33-2f7f4e69de3a","Customer 534","Class","2025-06-16","Confirmed","Dance","Amanda Davis",NULL,NULL,"270.74",NULL,NULL,"Dance","Class","customer534@example.com","001-196-9396"
"053d4143-233f-4a2c-a082-a42e27f9b4d7","64f02921-9a7b-4615-b4fb-a6bbf9eb5d17","Customer 548","Class","2025-04-17","Pending","Dance",NULL,"14:00:00",45,"33.24",NULL,NULL,"Dance","Class","customer548@example.com","001-549-6075"
"8e397104-121b-4f84-8df4-ce1b00a8c78e","b544b790-2b15-4259-9313-5ab76765172f","Customer 550","Class","2025-04-07","Pending","Dance","Lisa Hensley","10:00:00",45,"223.93",NULL,NULL,"Dance","Class","customer550@example.com","001-317-4377"
"6c389c4f-b4c7-4dea-8dd0-c938afce305d","6ed625de-29b9-4a63-9624-dffd5dc5555b","Customer 551","Class","2025-06-03","Pending","Dance","James Howard","15:00:00",120,"90.53",NULL,NULL,"Dance","Class","customer551@example.com","001-901-9166"
"0d311e04-655b-418a-94ec-e77f7dfe724b","805d5125-5d0f-4408-99d9-b29e1437d940","Customer 556","Class","2025-06-14","Pending","Gymnastics","James Howard","15:00:00",45,"111.92",NULL,NULL,"Gymnastics","Facility","customer556@example.com","001-350-2446"
"1220c36d-6ee2-4aa5-8403-9136252e2d6d","5423277d-9ffd-4e70-9ded-818362989a97","Customer 562","Class","2025-04-28","Confirmed","Gymnastics","Lisa Hensley","10:00:00",90,"120.15",NULL,NULL,"Gymnastics","Class","customer562@example.com","001-791-9415"
"b3bac396-95f6-415a-ad12-061a3d86820f","203fbd7e-86f9-4928-9c53-4d5b408ad003","Customer 566","Class","2025-05-26","Pending","Dance","Amanda Davis","12:00:00",90,"64.42",NULL,NULL,"Dance","Facility","customer566@example.com",NULL
"301128c1-6e5d-4320-81e0-21b7d729dcc1","85293b72-fe59-42e5-b7db-8f926b86523a","Customer 567","Class","2025-04-25","Confirmed","Gymnastics","Amanda Davis","14:00:00",45,"198.64",NULL,NULL,"Gymnastics","Class","customer567@example.com","001-331-1869"
"f915709c-b349-4142-9b81-a086051fc12f","08e770e5-df66-41db-85c1-05620f6c3b73","Customer 570","Class","2025-04-26","Confirmed","Gymnastics","James Howard","14:00:00",45,"170.84",NULL,NULL,"Gymnastics","Class","customer570@example.com","001-708-9324"
"992cfb25-065c-4fd2-af13-4b27e3a1e5ac","e2f8e4c6-604a-4b93-bd17-6afdf1cb7bc1","Customer 572","Class","2025-06-14","Confirmed","Art","Amanda Davis","17:00:00",90,"105.21",NULL,NULL,"Art","Facility","customer572@example.com","001-568-6872"
"f636c596-32c9-4ccc-816a-ca687d902a7e","b13051ed-3620-4dd0-b006-71c428adae57","Customer 575","Class","2025-06-20","Confirmed","Dance","Lisa Hensley",NULL,NULL,"289.91",NULL,NULL,"Dance","Class","customer575@example.com",NULL
"da0eae7b-6560-4973-9c91-aad7a59efa5f","a91281b7-28b0-4a49-b7be-c0e5c4982958","Customer 578","Class","2025-04-06","Confirmed","Dance","Amanda Davis","14:00:00",45,"147.22",NULL,NULL,"Dance","Facility","customer578@example.com","001-685-2445"
"b64e6a64-3f6f-418d-8332-0a9cb615641e","e9ffee18-5226-4638-bfee-8e0a930920f8","Customer 579","Class","2025-05-02","Pending","Dance","James Howard","09:00:00",90,"244.02",NULL,NULL,"Dance","Class","customer579@example.com","001-552-3678"
"cfd741d8-90b6-4f26-8dee-85ddfc3924d7","1b745f37-2a38-4270-8d83-0f4446cfa612","Customer 582","Class","2025-06-18","Confirmed","Dance","James Howard","16:00:00",120,"199.78",NULL,NULL,"Dance","Facility","customer582@example.com","001-792-1499"
"24ce12e5-ed2b-4656-81e9-ef051159b12e","ea45734e-a604-4270-b3d3-185d4d171bcc","Customer 583","Class","2025-06-01","Confirmed","Art","Amanda Davis","14:00:00",120,"170.43",NULL,NULL,"Art","Class","customer583@example.com","001-587-8403"
"0c8c9311-c819-4317-9952-648d7b68beb4","6059733f-1d3d-4cff-966f-e18b7bf788d7","Customer 584","Class","2025-05-22","Confirmed","Gymnastics",NULL,"16:00:00",120,"126.63",NULL,NULL,"Gymnastics","Facility",NULL,"001-744-8586"
"779f7fda-9471-450d-ad85-9a6108c75d6e","b39be7a8-62a1-428b-9f94-b8f622630cfe","Customer 585","Class","2025-05-21","Pending","Art","Lisa Hensley","10:00:00",120,"293.32",NULL,NULL,"Art","Class",NULL,"001-237-6440"
"55d86bfd-7c47-4e3b-bb2b-599d63ef206d","5ee0fba0-1031-4242-9bf2-248f9162e13d","Customer 586","Class","2025-05-08","Confirmed","Dance",NULL,"17:00:00",90,"117.62",NULL,NULL,"Dance","Facility","customer586@example.com","001-178-1264"
"58baa71a-1ec2-443c-8ea8-5271af56c212","859a2a01-d05d-4da8-ac8b-b184ddb78b1a","Customer 589","Class","2025-04-09","Confirmed","Gymnastics","Lisa Hensley","13:00:00",90,"75.75",NULL,NULL,"Gymnastics","Birthday Party","customer589@example.com",NULL
"aaa79e18-1480-4370-98fe-bf5478e306da","a22a1886-3234-467e-8f65-e449c36f61dd","Customer 597","Class","2025-05-06","Confirmed","Gymnastics",NULL,"16:00:00",90,"120.52",NULL,NULL,"Gymnastics","Facility","customer597@example.com","001-917-4406"
"7bcc8f0b-afad-4fd3-a908-bc631e6eec8e","bc5504de-2fad-4888-8e86-55324e060699","Customer 599","Class","2025-04-07","Confirmed","Dance","Amanda Davis","14:00:00",90,"165.26",NULL,NULL,"Dance","Class","customer599@example.com","001-756-5982"
"04d9c140-137c-4aab-800a-51dc6206cd7b","de0f7949-8ed6-4309-b549-6eb4c354f9d2","Customer 601","Class","2025-05-30","Pending","Dance","Lisa Hensley","12:00:00",120,"231.46",NULL,NULL,"Dance","Class","customer601@example.com",NULL
"cda50046-1c1c-4d0a-9dc9-507bdec66c22","ea567388-9afe-451d-8dc1-599243361d74","Customer 602","Class","2025-04-30","Pending","Dance","Lisa Hensley",NULL,NULL,"43.35",NULL,NULL,"Dance","Facility","customer602@example.com","001-439-3139"
"448a039a-34a8-483d-8243-672f6591029b","2db702c1-df4f-4678-bd85-bcaeaa52a5fd","Customer 604","Class","2025-04-11","Confirmed","Dance",NULL,NULL,NULL,"187.45",NULL,NULL,"Dance","Facility","customer604@example.com","001-724-4978"
"49522996-91a3-44c3-824a-c05936b83db7","20dc671f-ac7a-4e0d-b9a1-11b2e5b307fe","Customer 608","Class","2025-04-11","Pending","Gymnastics","Lisa Hensley","13:00:00",120,"173.89",NULL,NULL,"Gymnastics","Class","customer608@example.com","001-130-4097"
"51ce6de5-d209-485d-8a44-0627e3792a95","e1921bcd-503c-44ca-951d-24db055cdc73","Customer 615","Class","2025-03-31","Confirmed","Art","Lisa Hensley","09:00:00",45,"76.87",NULL,NULL,"Art","Class","customer615@example.com","001-387-6940"
"a0330476-b71d-45df-b051-79a0e15f3ad8","4093795c-68dc-4b9e-b4d5-837a63c3a3ab","Customer 618","Class","2025-05-17","Pending","Art","Amanda Davis","14:00:00",90,"97.12",NULL,NULL,"Art","Class","customer618@example.com","001-676-4808"
"7b6d8bc8-7a91-4e49-a3b3-201b2f924e81","fb33cb3d-51a0-43a1-8479-9fe1036c16f0","Customer 636","Class","2025-06-12","Confirmed","Art","Amanda Davis","11:00:00",90,"202.84",NULL,NULL,"Art","Class","customer636@example.com","001-108-5626"
"cfb52689-992a-4ee7-aae9-9d81c92d5622","f220faaa-644f-4538-b58f-4bc2df191c0f","Customer 641","Class","2025-05-07","Confirmed","Art",NULL,"16:00:00",90,"19.34",NULL,NULL,"Art","Class","customer641@example.com","001-167-7297"
"ef2a7188-d080-4389-8913-0a5f516843ea","1a012066-652d-45fc-bdc4-7388770a4b05","Customer 649","Class","2025-04-29","Pending","Art",NULL,"14:00:00",45,"93.74",NULL,NULL,"Art","Class",NULL,"001-725-8481"
"81ea8026-57bc-4d4e-a2a1-f9f931d67ca4","2044e345-1f40-4ea0-8b39-cf5a8e4a6baa","Customer 650","Class","2025-05-24","Pending","Gymnastics","Amanda Davis","11:00:00",90,"210.95",NULL,NULL,"Gymnastics","Class","customer650@example.com","001-185-7410"
"76bbba15-59e6-4739-9362-90288549b5fb","3f49b837-ac95-4176-95cf-4617ed418c76","Customer 652","Class","2025-04-10","Pending","Dance","James Howard","10:00:00",45,"219.58",NULL,NULL,"Dance","Class","customer652@example.com","001-314-2376"
"0af7d566-0b1c-4929-bbbb-35e505b78194","aca484c7-8d06-4583-bf4d-0dd9cada9ceb","Customer 658","Class","2025-04-10","Pending","Gymnastics","Amanda Davis","09:00:00",90,"279.73",NULL,NULL,"Gymnastics","Class","customer658@example.com","001-684-4506"
"7854d5cd-820f-4f0d-b034-41194453ed01","fc8e8016-aaf6-492e-aa15-a871b85f295a","Customer 661","Class","2025-06-03","Confirmed","Dance","Amanda Davis",NULL,NULL,"16.75",NULL,NULL,"Dance","Class","customer661@example.com",NULL
"0a4b6c2e-023f-4f57-a05f-baa8ce35efa1","bddcf1d8-a5c0-43b1-be3d-1622c18911b9","Customer 669","Class","2025-04-07","Pending","Gymnastics",NULL,"13:00:00",90,"170.2",NULL,NULL,"Gymnastics","Facility","customer669@example.com","001-334-8578"
"5a1ddc47-9132-4b17-af32-d0759e3bdc4f","750e3166-4ac4-49b5-b733-9f18025a29b2","Customer 670","Class","2025-04-18","Pending","Art","Lisa Hensley","13:00:00",90,"243.93",NULL,NULL,"Art","Class","customer670@example.com","001-505-5537"
"1ffaf345-cb63-45a1-8e5c-503ef8073faa","39c52b94-3f54-495f-8074-3a0d0d3ba8bc","Customer 675","Class","2025-04-17","Confirmed","Gymnastics",NULL,NULL,NULL,"248.91",NULL,NULL,"Gymnastics","Class","customer675@example.com","001-165-9144"
"1b89d39d-8aad-441a-95e5-b257018a649c","7c923c6c-4953-49e7-8486-9911abfd7c3a","Customer 676","Class","2025-05-13","Pending","Gymnastics","James Howard","09:00:00",90,"159.06",NULL,NULL,"Gymnastics","Class","customer676@example.com","001-677-2444"
"9c2eabd0-0514-4685-8d27-670aa112b586","851fd2c2-4859-4355-a10a-b08f90c6468a","Customer 681","Class","2025-03-29","Confirmed","Art","James Howard",NULL,NULL,"246.26",NULL,NULL,"Art","Facility","customer681@example.com","001-858-5979"
"2743504f-2541-4a41-9d8e-5c360da6d542","fd8ce5d9-865d-4334-9479-ed4214ca8dc6","Customer 687","Class","2025-04-05","Confirmed","Gymnastics","Lisa Hensley","14:00:00",90,"40.2",NULL,NULL,"Gymnastics","Facility","customer687@example.com","001-316-5130"
"302c629c-de6c-4025-9b66-38896572473d","e086c3b2-4622-4dea-961e-cf9d6264e88b","Customer 689","Class","2025-05-03","Confirmed","Dance",NULL,"11:00:00",120,"19.84",NULL,NULL,"Dance","Facility","customer689@example.com","001-147-7707"
"6cca14e5-17dc-4d51-ad2d-babaaeddc2d2","4f8fe739-c718-4bbe-a3ed-fe6dc14d9574","Customer 691","Class","2025-05-07","Pending","Art",NULL,"09:00:00",45,"146.01",NULL,NULL,"Art","Birthday Party",NULL,"001-773-3161"
"1a394edd-a485-441d-b73d-493e838d95e2","494516fd-b26b-49d1-9fa8-0c51ab8422ce","Customer 698","Class","2025-06-21","Pending","Art","Amanda Davis","17:00:00",120,"188.64",NULL,NULL,"Art","Class","customer698@example.com","001-387-4470"
"d46f7f86-119b-4941-8322-8d07adbb50a1","840e3aa1-49ef-4d12-a436-14b105e2377d","Customer 699","Class","2025-05-13","Pending","Dance","Lisa Hensley","15:00:00",120,"36.04",NULL,NULL,"Dance","Class","customer699@example.com","001-973-6361"
"04fd7437-6029-45cc-b826-cc24b5879973","4eefee17-e529-42c8-b7bc-06f1b384b16c","Customer 702","Class","2025-06-09","Confirmed","Dance",NULL,"13:00:00",45,"125.66",NULL,NULL,"Dance","Birthday Party","customer702@example.com","001-352-1122"
"953f6107-61e7-4e48-886b-1bfc7a9be0d0","d926cd2d-c7e1-4cd1-9f9d-e3506391c8d7","Customer 707","Class","2025-04-16","Pending","Dance",NULL,"17:00:00",120,"233.66",NULL,NULL,"Dance","Facility","customer707@example.com","001-580-2720"
"62ca57c7-3054-41d4-903d-813559cb4c61","f87c1106-050b-4400-a931-c8297dc02ea7","Customer 715","Class","2025-06-09","Confirmed","Gymnastics","Amanda Davis","16:00:00",120,"111",NULL,NULL,"Gymnastics","Facility","customer715@example.com","001-326-2604"
"e7fbaf87-b21c-44ae-ab1f-c8a920d944e5","786da01c-870c-4e00-9869-842fa9527035","Customer 717","Class","2025-04-28","Confirmed","Art","Amanda Davis","13:00:00",45,"53.25",NULL,NULL,"Art","Class","customer717@example.com","001-703-8382"
"3caf11a4-d628-4448-8426-b67b82591301","468ec27c-84fd-4c53-a006-213ecb491f65","Customer 718","Class","2025-03-28","Pending","Gymnastics","Lisa Hensley","12:00:00",90,"53.81",NULL,NULL,"Gymnastics","Class","customer718@example.com","001-130-6753"
"4bf0d3be-5a69-4b4c-903e-070ad88cd44c","a800391e-6da7-486e-bd71-79509669aded","Customer 722","Class","2025-05-14","Confirmed","Art","Lisa Hensley","12:00:00",90,"26.21",NULL,NULL,"Art","Facility","customer722@example.com","001-606-7126"
"7b12e1f7-5fb3-4979-b43b-f770bb42769f","eb669218-43a6-4af6-9d20-70ad5cfdc030","Customer 723","Class","2025-04-04","Confirmed","Gymnastics","Amanda Davis","10:00:00",45,"32.71",NULL,NULL,"Gymnastics","Class","customer723@example.com","001-843-6757"
"c17d7e71-27bf-4a1c-82f1-d7cd84e770ce","2b076d02-009e-4fff-bea4-75690b7f05de","Customer 728","Class","2025-06-06","Confirmed","Gymnastics","Amanda Davis",NULL,NULL,"146.07",NULL,NULL,"Gymnastics","Facility",NULL,"001-162-6607"
"fbed83dd-f1a3-4d53-bcde-2a0a97a637ff","d154894a-711f-4ef5-af8f-5402e096472f","Customer 729","Class","2025-04-27","Pending","Dance","James Howard","13:00:00",120,"269.9",NULL,NULL,"Dance","Class","customer729@example.com","001-881-2990"
"6c5bf2f4-a190-450a-8990-9db8e397b75f","7586c195-9a88-4896-b88b-361847be31e1","Customer 731","Class","2025-04-10","Pending","Dance","Lisa Hensley","17:00:00",120,"187.59",NULL,NULL,"Dance","Facility","customer731@example.com","001-910-5007"
"4973c8e7-2e67-4ad2-901f-e2b4ad64ade7","b4355869-5cf9-4ff4-a6fe-3ba9e47ffd84","Customer 732","Class","2025-06-13","Confirmed","Dance",NULL,"17:00:00",120,"204.36",NULL,NULL,"Dance","Facility","customer732@example.com","001-240-5545"
"3eca8b70-45d3-4142-8a8d-d3243877d42a","feea2f17-b5b4-4ca7-8dfe-c7bd1a59d297","Customer 734","Class","2025-06-22","Pending","Gymnastics","Amanda Davis","11:00:00",45,"227.39",NULL,NULL,"Gymnastics","Birthday Party","customer734@example.com","001-675-9052"
"ef360a60-bd94-417b-9715-31bf85f83c45","82e07cb3-b9d4-4165-aec5-c4d7206f9287","Customer 735","Class","2025-06-21","Pending","Art","James Howard",NULL,NULL,"172.33",NULL,NULL,"Art","Class","customer735@example.com",NULL
"c42a3829-a38e-4fbc-acc3-0b549ee0200c","27c89326-a1d9-44d9-b6ed-61f6e30387c9","Customer 740","Class","2025-06-04","Confirmed","Dance","James Howard",NULL,NULL,"256.82",NULL,NULL,"Dance","Class","customer740@example.com","001-338-3160"
"894f9782-e29c-4883-8a90-74d1065f4049","467e3233-619b-4dec-98e6-4430d6314b71","Customer 741","Class","2025-05-07","Pending","Dance","Lisa Hensley","11:00:00",120,"66.6",NULL,NULL,"Dance","Class","customer741@example.com","001-291-9320"
"d144dc95-b46d-4dcf-9e56-3a7b9ccf3a66","f62d7349-da64-46d4-99f8-8b761ce1c351","Customer 743","Class","2025-04-10","Confirmed","Dance","Lisa Hensley","10:00:00",120,"181.61",NULL,NULL,"Dance","Class","customer743@example.com","001-794-2927"
"500d11c6-8c79-4a53-b79c-0a02075db65b","1ac73f06-bcfd-44d3-a0d9-e90511244818","Customer 745","Class","2025-06-13","Confirmed","Gymnastics","Amanda Davis","14:00:00",120,"249.27",NULL,NULL,"Gymnastics","Class","customer745@example.com","001-462-5479"
"149ae10d-87b8-4371-9aa4-c2410e042e1c","34284b5f-4d6e-46f7-a9a1-bb44e97b4867","Customer 748","Class","2025-06-07","Pending","Dance",NULL,NULL,NULL,"40.31",NULL,NULL,"Dance","Facility","customer748@example.com","001-947-8137"
"4dfe9c4d-da02-4d1f-b46f-b7553acf227a","f32b4520-97e5-4019-a5ab-2b8b45f5c5d5","Customer 749","Class","2025-04-01","Confirmed","Gymnastics","James Howard","09:00:00",45,"99.43",NULL,NULL,"Gymnastics","Class",NULL,"001-930-3766"
"aa95531f-0d31-4b88-81aa-8721f66fd731","d0a7817e-266d-4123-8ee5-7c3a3b2f3a1c","Customer 751","Class","2025-06-09","Confirmed","Art","Lisa Hensley","15:00:00",90,"230.93",NULL,NULL,"Art","Class","customer751@example.com","001-713-6255"
"f821405b-e1c5-4758-8eea-4ec91cd2ab4e","f3135bce-3128-4819-b9c4-2d630c69fbe2","Customer 754","Class","2025-05-16","Confirmed","Dance","Amanda Davis",NULL,NULL,"246.44",NULL,NULL,"Dance","Class",NULL,"001-211-1673"
"b85249e0-2be0-4833-8eb1-070141e2acd0","e54493bd-4324-4cb1-8293-eb02f2511024","Customer 757","Class","2025-04-08","Pending","Art","James Howard","14:00:00",90,"256.87",NULL,NULL,"Art","Class","customer757@example.com","001-583-6689"
"fb42489c-d37e-48df-89a7-7065a8d9aa00","9587c9cf-e1c9-4e27-8289-3b79d45b297d","Customer 758","Class","2025-05-09","Confirmed","Gymnastics",NULL,"10:00:00",45,"20.89",NULL,NULL,"Gymnastics","Birthday Party","customer758@example.com","001-674-6450"
"764e2561-4abb-4ba6-a76a-56460cbc7ffd","f23a092b-caf3-496e-9287-b75e7ae4a15a","Customer 766","Class","2025-06-05","Pending","Gymnastics","James Howard","15:00:00",120,"84.13",NULL,NULL,"Gymnastics","Class","customer766@example.com","001-495-5352"
"8303e427-c5ff-45d9-b8ae-27df04654027","279e8686-7e06-42d3-bdda-aee91e2cd7ab","Customer 773","Class","2025-04-27","Confirmed","Dance","Amanda Davis","13:00:00",90,"183.23",NULL,NULL,"Dance","Class","customer773@example.com","001-195-3780"
"60b16235-2aa6-4da3-9e6b-3cdc4efb6797","d9d5b726-179b-4393-b667-ce2723ad25d6","Customer 775","Class","2025-04-09","Confirmed","Gymnastics","James Howard",NULL,NULL,"192.93",NULL,NULL,"Gymnastics","Class",NULL,"001-539-2918"
"cf9fbc2d-6363-4390-8497-709b317d4261","8f439aab-563f-40ed-b1ac-e9a4b9cde832","Customer 776","Class","2025-04-04","Pending","Art","James Howard",NULL,NULL,"258.81",NULL,NULL,"Art","Class","customer776@example.com","001-239-8531"
"7f11814b-13ef-4a5c-b651-dcfc6189effd","983f28c3-9958-4c9d-b41b-b2bb9bc0b946","Customer 778","Class","2025-04-06","Confirmed","Gymnastics","Lisa Hensley","11:00:00",90,"207.74",NULL,NULL,"Gymnastics","Facility","customer778@example.com","001-718-8649"
"b82f96ef-e1fb-40d1-9b11-ad8a0c970193","4d7fa194-75c4-4341-bd07-128766afb59c","Customer 782","Class","2025-04-11","Pending","Gymnastics","James Howard","10:00:00",90,"133.94",NULL,NULL,"Gymnastics","Birthday Party","customer782@example.com","001-108-9021"
"dc7f2313-7d8c-4912-b1bd-9c8ef298628b","9abdd2a4-7390-4fb0-a1c3-9ceb97060890","Customer 783","Class","2025-04-06","Pending","Dance","James Howard","10:00:00",45,"54.46",NULL,NULL,"Dance","Class","customer783@example.com","001-866-2488"
"77c602e6-6561-4c9b-82fe-0073fe14aa21","10bc0242-b238-42b6-addc-7a578b2af933","Customer 786","Class","2025-05-24","Pending","Art","James Howard","09:00:00",120,"288.08",NULL,NULL,"Art","Class","customer786@example.com",NULL
"232b2503-665d-4a0f-acf6-55659e4dba7b","a2ee5af8-7314-4164-9641-e941838f4b4a","Customer 788","Class","2025-05-19","Confirmed","Gymnastics","James Howard","13:00:00",120,"187.52",NULL,NULL,"Gymnastics","Birthday Party","customer788@example.com","001-758-9166"
"169618d4-6c1a-4807-adbf-f9a3d024565b","179d81e6-588b-44c5-8c2b-d49b8cb1b02b","Customer 791","Class","2025-05-28","Confirmed","Dance","James Howard",NULL,NULL,"69.73",NULL,NULL,"Dance","Facility","customer791@example.com",NULL
"225ef7ac-2035-4511-ac3a-8bfa1b2c6c03","2b6bac01-beb2-4939-a699-3969b8dc6985","Customer 792","Class","2025-03-27","Pending","Dance","Lisa Hensley","13:00:00",45,"30.32",NULL,NULL,"Dance","Birthday Party","customer792@example.com","001-270-5545"
"f9268cd1-a952-4a94-b6b8-43f6998d9176","fa5bb192-80b8-44b7-855f-f5bb7dcfefd0","Customer 793","Class","2025-05-03","Confirmed","Dance","James Howard","12:00:00",120,"18.24",NULL,NULL,"Dance","Facility","customer793@example.com","001-277-9968"
"4bf7167b-f773-498c-a5c5-391ebd803623","1b04361e-499b-4843-bcce-1c5ed4a7423e","Customer 794","Class","2025-06-02","Pending","Gymnastics","James Howard","16:00:00",90,"24.54",NULL,NULL,"Gymnastics","Class","customer794@example.com","001-607-2623"
"64cb8ed2-81e0-4c2b-bdd8-def176bc5214","e03fd805-9709-48ea-8c1b-7bd1fd5e948f","Customer 796","Class","2025-06-02","Confirmed","Dance","Lisa Hensley","17:00:00",45,"250.13",NULL,NULL,"Dance","Class","customer796@example.com","001-177-9242"
"b9fb3b4b-6332-469d-9c8d-cba0851e4cad","8b4b8509-7f4f-43cf-9a2e-e9f9887871bc","Customer 806","Class","2025-03-27","Confirmed","Art","James Howard","17:00:00",45,"233.02",NULL,NULL,"Art","Class","customer806@example.com","001-912-1765"
"5ac3fdc5-afab-424f-8ee5-ad1edec4d541","36b2dcde-16fe-4ad9-9606-ba52f165b2c6","Customer 810","Class","2025-05-07","Confirmed","Gymnastics","Lisa Hensley","13:00:00",120,"123.7",NULL,NULL,"Gymnastics","Class","customer810@example.com","001-274-5625"
"c5603ab6-58af-4108-8682-307beab85d10","3406e7b5-a5ba-4633-8532-ffd1cc8cb045","Customer 816","Class","2025-04-20","Pending","Gymnastics","James Howard","15:00:00",90,"133.79",NULL,NULL,"Gymnastics","Birthday Party",NULL,"001-793-9926"
"1534f591-a526-4315-a51e-4d027d30a3ee","260bff2c-457d-41f4-994e-4628e33deab8","Customer 818","Class","2025-05-08","Pending","Art","James Howard","13:00:00",45,"263.92",NULL,NULL,"Art","Birthday Party","customer818@example.com","001-806-6425"
"d16fd696-7a76-4a2f-9212-d08cec8c1f42","620f2557-8738-4641-80a3-a8a8d5e5b1e4","Customer 819","Class","2025-06-10","Pending","Dance","Lisa Hensley","12:00:00",45,"213.08",NULL,NULL,"Dance","Class","customer819@example.com","001-352-7036"
"6f28f8ff-cc23-46cf-9cd2-542ae3725d84","65987963-9ba0-462b-ad77-0db572a90fad","Customer 822","Class","2025-06-20","Pending","Dance",NULL,"11:00:00",90,"185.23",NULL,NULL,"Dance","Class","customer822@example.com","001-991-6593"
"6e565391-c75d-4193-9f7b-dc0b1be6dd90","41356f6c-6238-4e12-9087-59229369ed4e","Customer 824","Class","2025-05-07","Pending","Art","Amanda Davis","16:00:00",120,"199.96",NULL,NULL,"Art","Birthday Party","customer824@example.com",NULL
"7416aad1-4fba-4c03-a5b7-9e5dce434bb5","8918a843-2d35-41bc-9cc4-cc88fb1dc024","Customer 830","Class","2025-06-03","Pending","Dance","Amanda Davis","13:00:00",45,"72.34",NULL,NULL,"Dance","Class","customer830@example.com","001-345-3529"
"33f098ee-3697-4403-876a-d710577b57ac","4aec2a9d-de3d-4125-b720-1c15ac7a1591","Customer 832","Class","2025-04-24","Confirmed","Gymnastics","Lisa Hensley","16:00:00",45,"35.92",NULL,NULL,"Gymnastics","Class","customer832@example.com","001-194-9699"
"4e19013f-8634-4fe1-9ab3-2acfe89f3968","7218e292-a658-48ca-af0d-478302047b90","Customer 835","Class","2025-05-10","Confirmed","Dance","James Howard","17:00:00",120,"182.81",NULL,NULL,"Dance","Class","customer835@example.com","001-441-8323"
"7195ed9b-5ebe-408a-928f-da913b8c239c","cd69ecd2-3c11-44a2-9a84-19648dfaaf45","Customer 836","Class","2025-04-04","Confirmed","Dance","Amanda Davis","12:00:00",120,"116.03",NULL,NULL,"Dance","Birthday Party","customer836@example.com","001-850-7040"
"fc08f166-7909-4615-afc7-2920c2c3a1eb","df1856d5-5a2a-4cac-aec0-8ed6e76bf38e","Customer 840","Class","2025-03-26","Confirmed","Art","Amanda Davis","10:00:00",90,"94.05",NULL,NULL,"Art","Class","customer840@example.com","001-364-2037"
"cffab3b0-2860-408b-a2f8-38fae0c3eb95","68ee3842-729b-455a-90f3-0c65fdd7c00e","Customer 842","Class","2025-03-28","Confirmed","Art","James Howard","12:00:00",45,"102.21",NULL,NULL,"Art","Class","customer842@example.com","001-957-3360"
"7ee75ef3-b338-43a0-b4d2-4726e24036bc","9c3ff5fb-8ee1-4e50-a34d-702b8f875a5b","Customer 843","Class","2025-04-04","Pending","Art","Amanda Davis","11:00:00",45,"85.43",NULL,NULL,"Art","Class","customer843@example.com","001-760-5571"
"22159cd7-0c3f-451c-87b1-7c23f04c2df4","292b26e4-c6c0-4266-81ae-4ca1a4f35b5f","Customer 844","Class","2025-05-05","Pending","Dance","Lisa Hensley","10:00:00",45,"217.64",NULL,NULL,"Dance","Class","customer844@example.com","001-779-7935"
"3640dbb9-8fa2-4289-82c0-7a2ead62f90b","3662d733-0b7c-4773-8ec3-b02322849c8a","Customer 845","Class","2025-05-20","Confirmed","Gymnastics",NULL,NULL,NULL,"42.38",NULL,NULL,"Gymnastics","Class","customer845@example.com","001-829-4720"
"82224d3b-b738-4b84-86cb-a998bbf87b5c","944b3e75-9faa-4476-9f7a-50d51ea94ee6","Customer 851","Class","2025-05-08","Pending","Art","Lisa Hensley","15:00:00",120,"188.51",NULL,NULL,"Art","Facility","customer851@example.com",NULL
"567d15c6-4294-4f6e-bd2f-05502e578d28","6f1a9058-c3d5-43db-b95d-163d158d387a","Customer 852","Class","2025-06-04","Pending","Gymnastics","Lisa Hensley","09:00:00",120,"113.98",NULL,NULL,"Gymnastics","Class","customer852@example.com","001-619-9240"
"eef57573-2bd7-42d6-89f7-411db62f8305","de90d97d-e51c-4bde-b009-68c9373bdb1f","Customer 856","Class","2025-05-18","Pending","Gymnastics","James Howard","13:00:00",120,"83.97",NULL,NULL,"Gymnastics","Class","customer856@example.com","001-282-2283"
"54caecb5-774e-4179-8326-4778dc487369","25aee4c8-4848-437e-9d26-6787ca5413d5","Customer 858","Class","2025-05-23","Confirmed","Dance","Lisa Hensley",NULL,NULL,"225.74",NULL,NULL,"Dance","Class","customer858@example.com","001-218-3627"
"17371228-4f4d-430f-b383-8168b519f34e","420bd7fd-94b8-465b-8abb-268cb16990a3","Customer 859","Class","2025-06-09","Confirmed","Gymnastics",NULL,NULL,NULL,"256.32",NULL,NULL,"Gymnastics","Class","customer859@example.com","001-490-7397"
"8ddd97ff-ff63-4b89-ac17-407f6a00a26a","d51537f2-46eb-4783-b752-965db456ccd0","Customer 861","Class","2025-03-29","Pending","Art",NULL,"15:00:00",120,"121.32",NULL,NULL,"Art","Class","customer861@example.com","001-790-7439"
"0d2d9e87-dbb4-4190-9aee-3ef7466687ae","17ae592f-3890-42ec-a3b9-ac3a5a820e59","Customer 870","Class","2025-04-05","Confirmed","Gymnastics",NULL,"10:00:00",90,"97.18",NULL,NULL,"Gymnastics","Birthday Party",NULL,"001-650-2725"
"1ac2542c-5496-41e7-a3fc-96ac07b6c7e3","418b28b0-8cdc-4c0f-ac02-fa33a1ef2804","Customer 871","Class","2025-06-16","Confirmed","Art","Lisa Hensley","10:00:00",45,"191.65",NULL,NULL,"Art","Class","customer871@example.com","001-446-6483"
"0f3d5e44-0a82-42d7-9fe6-48a371565bcd","54351ed5-de71-4dbd-96d4-84a4410dadc2","Customer 872","Class","2025-05-31","Confirmed","Gymnastics","Lisa Hensley","13:00:00",90,"178.96",NULL,NULL,"Gymnastics","Class","customer872@example.com","001-964-7851"
"2576b730-3616-450c-ac8a-7929be26ccf5","eaa76c1b-7c52-449a-9b53-511e61d639b5","Customer 876","Class","2025-06-08","Pending","Gymnastics",NULL,NULL,NULL,"63.14",NULL,NULL,"Gymnastics","Birthday Party","customer876@example.com","001-234-3420"
"48f51309-f8f3-4e79-ab76-59106aedf109","b52ea3be-91af-4c87-94e6-8e5554708370","Customer 878","Class","2025-03-27","Pending","Art","Lisa Hensley","09:00:00",90,"274.31",NULL,NULL,"Art","Birthday Party","customer878@example.com","001-876-8011"
"135a863e-520f-42f2-97ed-58b232b54754","8bd1d063-2db6-4546-b9b0-6548d7794be6","Customer 882","Class","2025-06-06","Confirmed","Dance","James Howard","12:00:00",90,"231.7",NULL,NULL,"Dance","Class","customer882@example.com",NULL
"cef48187-8952-4392-bb48-7e9127686c9a","955440a2-278e-44a2-8e40-699c796242d0","Customer 890","Class","2025-05-20","Confirmed","Gymnastics",NULL,"13:00:00",120,"249.89",NULL,NULL,"Gymnastics","Class",NULL,"001-789-4666"
"33ede946-69ba-445a-b6c8-bbd47bea79dd","1fc1abe8-bd11-42fd-af8a-6b9979a4f970","Customer 891","Class","2025-03-30","Confirmed","Gymnastics","Lisa Hensley",NULL,NULL,"205.06",NULL,NULL,"Gymnastics","Class","customer891@example.com",NULL
"4a519a51-fc0e-4996-af98-9d3379872814","ba3c6650-cb6f-4705-b700-242eb642703c","Customer 894","Class","2025-04-05","Pending","Dance",NULL,"13:00:00",120,"172.97",NULL,NULL,"Dance","Facility","customer894@example.com","001-126-4466"
"5e1b33df-e75b-40ab-be79-5dd8a29cdc82","1d8627dc-e762-4673-8b5c-c9377203ae1d","Customer 903","Class","2025-04-01","Confirmed","Gymnastics","James Howard","11:00:00",45,"276.01",NULL,NULL,"Gymnastics","Class",NULL,"001-303-1128"
"6f0485bf-99ad-495f-a9c8-be317adf5f3e","b493bf7c-c401-4922-9a64-d210755ae1d9","Customer 910","Class","2025-04-19","Confirmed","Gymnastics","Lisa Hensley","16:00:00",120,"289.38",NULL,NULL,"Gymnastics","Facility","customer910@example.com","001-423-4968"
"500b645c-8f64-4852-aef4-dff1f1aff168","bdbeb393-d8c5-467a-975a-2053b4dbb62b","Customer 916","Class","2025-06-07","Confirmed","Gymnastics","Lisa Hensley","13:00:00",45,"104.74",NULL,NULL,"Gymnastics","Facility",NULL,"001-562-3594"
"d12130c7-48d6-4598-8d4e-053c1ca1e45d","1ec3a21b-0c8b-4138-a9e7-ae6b38ccb1f7","Customer 925","Class","2025-05-18","Pending","Art","James Howard","12:00:00",45,"158.95",NULL,NULL,"Art","Birthday Party",NULL,"001-109-9765"
"88358f43-a4e7-4e17-b105-381c44fcf209","47c07b44-f341-45b9-810f-4c0a3db9812f","Customer 927","Class","2025-05-09","Confirmed","Dance","Lisa Hensley","10:00:00",45,"221.58",NULL,NULL,"Dance","Birthday Party","customer927@example.com","001-627-6757"
"3d2054eb-3a87-4898-87b7-1c27d17c4bac","1f70ec91-7e39-4aa4-a8b7-5d402cc15716","Customer 929","Class","2025-05-30","Confirmed","Art","James Howard","17:00:00",120,"38.46",NULL,NULL,"Art","Birthday Party","customer929@example.com","001-710-9856"
"27170562-09a6-4e68-8b36-ff468f020e07","b405c3c5-fffb-433a-93e5-1d4b608b6037","Customer 931","Class","2025-05-13","Confirmed","Dance","Lisa Hensley","17:00:00",120,"123.28",NULL,NULL,"Dance","Class","customer931@example.com","001-791-4892"
"5be650e1-e9d9-4fbf-a7bf-38e7f72a6cb5","d3c91798-90fa-4a74-80aa-c524eecea8ef","Customer 932","Class","2025-05-20","Confirmed","Gymnastics","Lisa Hensley",NULL,NULL,"195.08",NULL,NULL,"Gymnastics","Class","customer932@example.com","001-984-9174"
"466699cc-e766-4ba1-83c5-e48ed4731e4d","fcf29270-419a-4ecd-9773-a9300e76a5a1","Customer 937","Class","2025-06-11","Confirmed","Gymnastics","Amanda Davis","09:00:00",90,"241.78",NULL,NULL,"Gymnastics","Class","customer937@example.com",NULL
"27bb6d81-a22f-4606-9782-bc0f9f3529eb","668edd47-8b4a-4079-a51d-dcb125903c33","Customer 941","Class","2025-05-11","Pending","Dance","Amanda Davis","14:00:00",90,"206.74",NULL,NULL,"Dance","Birthday Party","customer941@example.com","001-328-3930"
"bfd6e906-04ca-47c1-bb89-519e9aec4b5e","cfa15167-83ac-4ce6-acfa-7ef02d4c1ef1","Customer 944","Class","2025-06-07","Pending","Gymnastics","James Howard","10:00:00",90,"272.32",NULL,NULL,"Gymnastics","Facility","customer944@example.com",NULL
"b5aed5cd-b3f2-4789-99c1-70448edacc57","54368dad-0561-44eb-bae5-803f20139ad0","Customer 947","Class","2025-04-06","Confirmed","Dance","Lisa Hensley","16:00:00",120,"161.45",NULL,NULL,"Dance","Class","customer947@example.com","001-898-4469"
"8e6034a8-add2-41e8-9084-a5c36ce65b97","b843ed19-4ccb-440f-a1a3-b94a162f726b","Customer 962","Class","2025-03-25","Confirmed","Gymnastics","Lisa Hensley","14:00:00",90,"115.3",NULL,NULL,"Gymnastics","Birthday Party","customer962@example.com","001-950-6514"
"890e7b25-9e5b-4c2f-9e64-53d0078a52bb","7e1417d1-581a-4624-8856-b39daadc72c4","Customer 970","Class","2025-04-04","Confirmed","Art","Amanda Davis","12:00:00",90,"178.74",NULL,NULL,"Art","Facility","customer970@example.com","001-678-7305"
"efa85d06-b44d-4c14-95e6-5f6504d14324","7c2e1cd9-72c0-4e30-9e30-ece1eef17132","Customer 971","Class","2025-05-09","Confirmed","Art","Lisa Hensley","15:00:00",45,"51.13",NULL,NULL,"Art","Birthday Party","customer971@example.com","001-987-4870"
"ca589bed-c7c5-4606-bef4-def153210bbf","09d5ef37-3a59-473c-9b78-9b656c290a6b","Customer 972","Class","2025-05-15","Pending","Art","Lisa Hensley","15:00:00",90,"21.09",NULL,NULL,"Art","Class","customer972@example.com",NULL
"a6804bff-8ecd-4ec9-bb3e-ac228495e1a3","db1ea822-51fb-44b4-9ff9-07b4a40aa785","Customer 980","Class","2025-06-18","Confirmed","Gymnastics","Amanda Davis","09:00:00",45,"290.03",NULL,NULL,"Gymnastics","Birthday Party","customer980@example.com",NULL
"e5267d63-19a3-4a37-8cb4-991fd5a90387","9750d5f5-9dde-4475-8c81-6b760fde248c","Customer 982","Class","2025-05-29","Confirmed","Art","Amanda Davis","16:00:00",90,"191.23",NULL,NULL,"Art","Class","customer982@example.com","001-690-4531"
"f2d7117e-e561-440d-a026-30d0f3dd5c26","7de60f8f-ecc6-4daa-9c2a-942fbcdbc878","Customer 985","Class","2025-06-12","Confirmed","Art","James Howard","14:00:00",120,"188.63",NULL,NULL,"Art","Class","customer985@example.com",NULL
"b01fa52c-b063-432e-a0fa-f457f0560624","97cff51e-977f-4853-add9-5170396825c5","Customer 986","Class","2025-05-15","Confirmed","Gymnastics","James Howard","16:00:00",120,"63.87",NULL,NULL,"Gymnastics","Class","customer986@example.com","001-836-2200"
"2ff36e6b-da33-425e-802e-95b88bfd2e57","46daf7bb-edb9-4795-9c19-e5975a898d93","Customer 989","Class","2025-03-25","Pending","Art","James Howard",NULL,NULL,"179.95",NULL,NULL,"Art","Facility","customer989@example.com","001-728-7350"
"51e641d7-b9e8-4bbe-bb4c-31ee1890141e","c09799ac-517b-40b5-a5ae-20395b8ce9e7","Customer 992","Class","2025-05-21","Confirmed","Dance","James Howard",NULL,NULL,"236.52",NULL,NULL,"Dance","Class","customer992@example.com","001-250-4971"
"47ed703d-5a43-4155-825f-6713a636877d","ba8b4ad5-9a21-41a3-8a43-c16a0b51eaae","Customer 993","Class","2025-06-10","Pending","Gymnastics","Lisa Hensley","12:00:00",45,"120.1",NULL,NULL,"Gymnastics","Facility","customer993@example.com","001-601-3902"
"8ae357a5-5860-4a35-bd7a-8fc56e67f163","c190430a-ebf4-4951-8899-4faa1170de75","Customer 995","Class","2025-05-17","Pending","Gymnastics","Lisa Hensley","16:00:00",45,"141.7",NULL,NULL,"Gymnastics","Class","customer995@example.com","001-723-6984"
"633d1590-d9b2-4263-9b29-8589333c7a0a","10cd8264-a18b-4ee4-a035-27058df83238","Customer 997","Class","2025-05-02","Confirmed","Art","James Howard",NULL,NULL,"119.02",NULL,NULL,"Art","Class","customer997@example.com",NULL
